{
    "worldedit.expand.description.vert": "Vergroot de verticale selectie tot de wereldgrenzen.",
    "worldedit.expand.expanded": "Regio uitgebreid met {0} blokken",
    "worldedit.expand.expanded.vert": "Regio uitgebreid met {0} blokken (van boven tot beneden).",
    "worldedit.biomeinfo.lineofsight": "Biomes aan het aanzicht punt: {0}",
    "worldedit.biomeinfo.position": "Biomes op uw positie: {0}",
    "worldedit.biomeinfo.selection": "Biomes in je selectie: {0}",
    "worldedit.biomeinfo.not-locatable": "Commando afzender moet aanwezig zijn in de wereld om de -p vlag te gebruiken.",
    "worldedit.brush.radius-too-large": "Maximaal toegestane brush radius: {0}",
    "worldedit.brush.apply.description": "Pas brush toe, pas een functie toe op elk blok",
    "worldedit.brush.apply.radius": "De grootte van de brush",
    "worldedit.brush.apply.shape": "De vorm van het gebied",
    "worldedit.brush.apply.type": "Type brush om te gebruiken",
    "worldedit.brush.apply.item.warning": "Deze brush simuleert voorwerpgebruik. De effecten werken mogelijk niet op alle platforms, zijn mogelijk niet ongedaan te maken en kunnen vreemde interacties veroorzaken met andere mods/plugins. Gebruik op eigen risico.",
    "worldedit.brush.paint.description": "Verf brush, voeg een functie toe op een oppervlak",
    "worldedit.brush.paint.size": "De grootte van de brush",
    "worldedit.brush.paint.shape": "De vorm van het gebied",
    "worldedit.brush.paint.density": "De dichtheid van de brush",
    "worldedit.brush.paint.type": "Type brush om te gebruiken",
    "worldedit.brush.paint.item.warning": "Deze brush simuleert voorwerpgebruik. De effecten werken mogelijk niet op alle platforms, zijn mogelijk niet ongedaan te maken en kunnen vreemde interacties veroorzaken met andere mods/plugins. Gebruik op eigen risico.",
    "worldedit.brush.sphere.equip": "Bol brush vorm geselecteerd ({0}).",
    "worldedit.brush.cylinder.equip": "Cilinder brush vorm geselecteerd ({0} bij {1}).",
    "worldedit.brush.splatter.equip": "Splatter-penseelvorm geselecteerd ({0} met {1} verval).",
    "worldedit.brush.splatter.decay-out-of-range": "Splatter-penseel vervalwaarde: {0} ligt buiten het bereik 0 - 10.",
    "worldedit.brush.clipboard.equip": "Klembord brush vorm geselecteerd.",
    "worldedit.brush.smooth.equip": "Verzachtingskwast geactiveerd ({0} x {1}x met {2}).",
    "worldedit.brush.smooth.nofilter": "elke blok",
    "worldedit.brush.smooth.filter": "filter",
    "worldedit.brush.snowsmooth.equip": "SnowSmooth-penseel geselecteerd ({0} x {1}x met {2}), {3} sneeuwblokken.",
    "worldedit.brush.snowsmooth.nofilter": "elke blok",
    "worldedit.brush.snowsmooth.filter": "filter",
    "worldedit.brush.extinguish.equip": "Brandblusser geactiveerd ({0}).",
    "worldedit.brush.gravity.equip": "Zwaartekrachtkwast geactiveerd ({0}).",
    "worldedit.brush.butcher.equip": "Slagerskwast geactiveerd ({0}).",
    "worldedit.brush.operation.equip": "Kwast ingesteld op {0}.",
    "worldedit.brush.heightmap.equip": "Hoogtekaart kwast geactiveerd ({0}).",
    "worldedit.brush.heightmap.unknown": "Onbekend hoogtekaart kwast {0}.",
    "worldedit.brush.morph.equip": "Morph-penseelvorm geselecteerd: {0}.",
    "worldedit.brush.biome.column-supported-types": "Deze penseelvorm wordt niet ondersteund bij kolom-bewerking, probeer de cilinder-vorm.",
    "worldedit.brush.none.equip": "Kwast ontkoppeld van je huidige item.",
    "worldedit.brush.none.equipped": "Je hebt geen penseel gekoppeld aan je huidige item. Probeer /brush sphere voor een basispenseel.",
    "worldedit.setbiome.changed": "Biomes werden ongeveer {0} blokken veranderd.",
    "worldedit.setbiome.warning": "Je moet mogelijk opnieuw deelnemen aan je spel (of je wereld sluiten en heropenen) om veranderingen te zien.",
    "worldedit.setbiome.not-locatable": "Commando afzender moet aanwezig zijn in de wereld om de -p vlag te gebruiken.",
    "worldedit.drawsel.disabled": "Server CUI uitgeschakeld.",
    "worldedit.drawsel.enabled": "Server CUI ingeschakeld. Dit ondersteunt alleen kubus regio's met een maximale grootte van {0}x{1}x{2}.",
    "worldedit.drawsel.disabled.already": "Server CUI is al uitgeschakeld.",
    "worldedit.drawsel.enabled.already": "Server CUI is al ingeschakeld.",
    "worldedit.limit.too-high": "Uw maximaal toegestaande limiet is {0}.",
    "worldedit.limit.set": "Blok wijzigingslimiet is ingesteld op {0}.",
    "worldedit.limit.return-to-default": "(Gebruik //limit om terug te gaan naar de standaard.)",
    "worldedit.timeout.too-high": "Je maximaal toegestane time-out is {0}ms.",
    "worldedit.timeout.set": "Time-out tijd ingesteld op {0}ms.",
    "worldedit.timeout.return-to-default": " (Gebruik //timeout om terug te gaan naar de standaard.)",
    "worldedit.fast.disabled": "Snelle modus uitgeschakeld.",
    "worldedit.fast.enabled": "Snelle modus ingeschakeld. Verlichting in de betreffende chunks kan verkeerd zijn en/of u moet mogelijk opnieuw inloggen om wijzigingen te zien.",
    "worldedit.fast.disabled.already": "Snelle modus is al uitgeschakeld.",
    "worldedit.fast.enabled.already": "Snelle modus is al ingeschakeld.",
    "worldedit.perf.sideeffect.set": "Extra effect \"{0}\" ingesteld op {1}",
    "worldedit.perf.sideeffect.get": "Side effect \"{0}\" is ingesteld op {1}",
    "worldedit.perf.sideeffect.already-set": "Bijwerking \"{0}\" is al ingesteld op {1}",
    "worldedit.perf.sideeffect.set-all": "Alle bijwerkeffecten ingesteld op {0}",
    "worldedit.update": "Neveneffecten toegepast op de selectie.",
    "worldedit.reorder.current": "De herordeningsmodus is {0}",
    "worldedit.reorder.set": "De herordeningsmodus is nu {0}",
    "worldedit.gmask.disabled": "Globaal masker uitgeschakeld.",
    "worldedit.gmask.set": "Globaal masker ingesteld.",
    "worldedit.toggleplace.pos1": "Nu plaatsen op pos #1.",
    "worldedit.toggleplace.pos1-offset": "Wordt nu geplaatst met een verschuiving van ({0}, {1}, {2}) vanaf positie #1.",
    "worldedit.toggleplace.player": "Wordt nu geplaatst op het blok waar je bovenop staat.",
    "worldedit.toggleplace.player-offset": "Wordt nu geplaatst met een verschuiving van ({0}, {1}, {2}) vanaf het blok waar je in staat.",
    "worldedit.toggleplace.min": "Wordt nu geplaatst op het minimum van de huidige selectie.",
    "worldedit.toggleplace.min-offset": "Wordt nu geplaatst met een verschuiving van ({0}, {1}, {2}) vanaf het minimum van de huidige selectie.",
    "worldedit.toggleplace.max": "Wordt nu geplaatst op het maximum van de huidige selectie.",
    "worldedit.toggleplace.max-offset": "Wordt nu geplaatst met een verschuiving van ({0}, {1}, {2}) vanaf het maximum van de huidige selectie.",
    "worldedit.toggleplace.world": "Wordt nu geplaatst bij de oorsprong van de wereld.",
    "worldedit.toggleplace.world-offset": "Wordt nu geplaatst op ({0}, {1}, {2}).",
    "worldedit.toggleplace.not-locatable": "Kan niet wisselen tussen plaatsen in deze context.",
    "worldedit.searchitem.too-short": "Geef een langere zoekopdracht op (lengte > 2).",
    "worldedit.searchitem.either-b-or-i": "Je kunt de 'b'- en 'i'-vlaggen niet samen gebruiken.",
    "worldedit.searchitem.searching": "(Een ogenblik geduld... zoeken tussen items.)",
    "worldedit.watchdog.no-hook": "Kan niet communiceren met de waakhond van dit spelplatform.",
    "worldedit.watchdog.active.already": "Waakhondcommunicatie is al actief.",
    "worldedit.watchdog.inactive.already": "Waakhondcommunicatie is al inactief.",
    "worldedit.watchdog.active": "Waakhondcommunicatie is nu geactiveerd.",
    "worldedit.watchdog.inactive": "Waakhondcommunicatie is nu gedeactiveerd.",
    "worldedit.world.remove": "Verwijderde wereld overschrijving.",
    "worldedit.world.set": "Je bewerkt nu de wereld {0}. (Gebruik //world om weer de huidige wereld te bewerken.)",
    "worldedit.undo.undone": "{0} bewerkingen ongedaan gemaakt.",
    "worldedit.undo.none": "Niets meer om ongedaan te maken.",
    "worldedit.redo.redone": "{0} bewerkingen herhaald.",
    "worldedit.redo.none": "Niets meer om opnieuw te doen.",
    "worldedit.clearhistory.cleared": "Geschiedenis gewist.",
    "worldedit.raytrace.noblock": "Geen blok in zicht!",
    "worldedit.raytrace.require-player": "Raytracing commando's vereisen een speler!",
    "worldedit.restore.not-configured": "Snapshot/backup herstel is niet geconfigureerd.",
    "worldedit.restore.not-available": "Die snapshot bestaat niet of is niet beschikbaar.",
    "worldedit.restore.failed": "Fout bij laden van snapshot: {0}",
    "worldedit.restore.loaded": "Snapshot '{0}' geladen; nu herstellen...",
    "worldedit.restore.restored": "Teruggezet met {0} ontbrekende chunks en {1} andere fouten.",
    "worldedit.restore.none-for-specific-world": "Geen snapshots gevonden voor de wereld '{0}'.",
    "worldedit.restore.none-for-world": "Geen snapshots gevonden voor deze wereld.",
    "worldedit.restore.none-found": "Geen snapshots gevonden.",
    "worldedit.restore.none-found-console": "Geen snapshots gevonden. Zie de console voor meer informatie.",
    "worldedit.restore.chunk-not-present": "Geen chunks gevonden in deze snapshot.",
    "worldedit.restore.chunk-load-failed": "De chunks konden niet geladen worden. (Beschadigd archief?)",
    "worldedit.restore.block-place-failed": "Door een fout konden geen blokken worden hersteld.",
    "worldedit.restore.block-place-error": "Laatste fout: {0}",
    "worldedit.snapshot.use.newest": "De nieuwste snapshot wordt nu gebruikt.",
    "worldedit.snapshot.use": "Snapshot ingesteld op: {0}",
    "worldedit.snapshot.none-before": "Kon geen snapshot vinden voor {0}.",
    "worldedit.snapshot.none-after": "Kon geen snapshot vinden na {0}.",
    "worldedit.snapshot.index-above-0": "Ongeldig nummer, de nummering begint bij 1.",
    "worldedit.snapshot.index-oob": "Ongeldig nummer, je moet een nummer van 1 t/m {0} opgeven.",
    "worldedit.schematic.unknown-format": "Onbekend schematic formaat: {0}.",
    "worldedit.schematic.load.does-not-exist": "Schematic {0} bestaat niet!",
    "worldedit.schematic.load.loading": "(Een ogenblik geduld... schematic wordt geladen.)",
    "worldedit.schematic.load.still-loading": "(Een ogenblik geduld... de schema wordt nog steeds geladen.)",
    "worldedit.schematic.load.unsupported-version": "Deze schema-versie wordt momenteel niet ondersteund. Versie: {0}.",
    "worldedit.schematic.save.already-exists": "Deze schematic bestaat al. Gebruik de -f vlag om deze te overschrijven.",
    "worldedit.schematic.save.failed-directory": "Map voor schematics kon niet worden gemaakt!",
    "worldedit.schematic.save.saving": "(Een ogenblik geduld... schematic opslaan.)",
    "worldedit.schematic.save.still-saving": "(Een ogenblik geduld... schematic opslaan.)",
    "worldedit.schematic.share.unsupported-format": "De bestemming voor het delen van het schema \"{0}\" ondersteunt het \"{1}\"-formaat niet.",
    "worldedit.schematic.delete.does-not-exist": "Schematic {0} bestaat niet!",
    "worldedit.schematic.delete.failed": "Verwijderen van {0} mislukt! Is het alleen-lezen?",
    "worldedit.schematic.delete.deleted": "{0} is verwijderd.",
    "worldedit.schematic.formats.title": "Beschikbare klembordformaten (Naam: termen)",
    "worldedit.schematic.unsupported-minecraft-version": "Deze versie van WorldEdit ondersteunt uw Minecraft-versie niet. Schematics werken niet totdat dit is opgelost.",
    "worldedit.pos.already-set": "Positie is al ingesteld.",
    "worldedit.pos.console-require-coords": "De console moet verplicht coördinaten opgeven.",
    "worldedit.hpos.no-block": "Geen blok in zicht!",
    "worldedit.hpos.already-set": "Positie is al ingesteld.",
    "worldedit.chunk.selected-multiple": "Chunks geselecteerd: ({0}, {1}, {2}) - ({3}, {4}, {5})",
    "worldedit.chunk.selected": "Chunk geselecteerd: {0}, {1}, {2}",
    "worldedit.wand.invalid": "Toverstokitem is verkeerd ingesteld of uitgezet.",
    "worldedit.wand.selwand.info": "Linksklikken: positie #1; rechtsklikken: positie #2",
    "worldedit.wand.navwand.info": "Linksklikken: springen naar locatie; rechtsklikken: door muren heengaan",
    "worldedit.wand.selwand.now.tool": "De selectie-toverstok is nu normaal gereedschap. Je kan het uitzetten met {0} en opnieuw koppelen aan elk item met {1} of een nieuwe toverstaf krijgen met {2}.",
    "worldedit.contract.contracted": "Regio met {0} blokken verkleind.",
    "worldedit.shift.shifted": "Regio verlegd.",
    "worldedit.outset.outset": "Uitlegvel van gebied.",
    "worldedit.inset.inset": "Inlegvel van gebied.",
    "worldedit.trim.trim": "Regio bijgesneden.",
    "worldedit.trim.no-blocks": "Geen blokken kwamen overeen met het trimmasker.",
    "worldedit.size.offset": "Verschuiving: {0}",
    "worldedit.size.type": "Type: {0}",
    "worldedit.size.size": "Grootte: {0}",
    "worldedit.size.distance": "Balkafstand: {0}",
    "worldedit.size.blocks": "Aantal blokken: {0}",
    "worldedit.count.counted": "Geteld: {0}",
    "worldedit.distr.no-blocks": "Geen blokken geteld.",
    "worldedit.distr.no-previous": "Geen vorige distributie.",
    "worldedit.distr.total": "Totaal aantal blokken: {0}",
    "worldedit.select.cleared": "Selectie gewist.",
    "worldedit.select.cuboid.message": "Balk: linksklikken voor punt 1, rechtsklikken voor punt 2",
    "worldedit.select.cuboid.description": "Selecteer de twee hoeken van een balk",
    "worldedit.select.extend.message": "Balk: linksklikken voor startpunt, rechtsklikken om uit te breiden",
    "worldedit.select.extend.description": "Snelle balk-selectiemodus",
    "worldedit.select.poly.message": "2D-polygoon selecteren: links/rechtsklikken om een punt toe te voegen.",
    "worldedit.select.poly.limit-message": "Maximaal {0} punten.",
    "worldedit.select.poly.description": "Selecteer een 2D-polygoon met hoogte",
    "worldedit.select.ellipsoid.message": "Ellipsoïde selecteren: linkermuisknop=midden, rechtermuisknop om uit te breiden",
    "worldedit.select.ellipsoid.description": "Selecteer een ellipsoïde",
    "worldedit.select.sphere.message": "Bol selecteren: linkermuisknop=midden; rechtermuisknop om straal in te stellen",
    "worldedit.select.sphere.description": "Selecteer een bol",
    "worldedit.select.cyl.message": "Cilindervormige selectie: Linkermuisknop=midden, rechtermuisknop om uit te breiden",
    "worldedit.select.cyl.description": "Selecteer een cilinder",
    "worldedit.select.convex.message": "Convex veelvlak selectie: linkermuisknop=eerste punt, rechtermuisknop om meer toe te voegen.",
    "worldedit.select.convex.limit-message": "{0} punten maximaal.",
    "worldedit.select.convex.description": "Selecteer een convexe veelvlak",
    "worldedit.select.default-set": "Uw standaard regio selector is nu {0}.",
    "worldedit.chunkinfo.chunk": "Chunk: {0}, {1}",
    "worldedit.chunkinfo.old-filename": "Oud formaat: {0}",
    "worldedit.chunkinfo.mcregion-filename": "McRegion: regio/{0}",
    "worldedit.listchunks.listfor": "Lijst met chunks maken voor: {0}",
    "worldedit.drain.drained": "{0} blokken zijn drooggelegd.",
    "worldedit.fill.created": "{0} blokken zijn gevuld.",
    "worldedit.fillr.created": "{0} blokken zijn gevuld.",
    "worldedit.fixlava.fixed": "{0} lavablokken zijn gerepareerd.",
    "worldedit.fixwater.fixed": "{0} waterblokken zijn gerepareerd.",
    "worldedit.removeabove.removed": "{0} blokken zijn verwijderd.",
    "worldedit.removebelow.removed": "{0} blokken zijn verwijderd.",
    "worldedit.removenear.removed": "{0} blokken zijn verwijderd.",
    "worldedit.replacenear.replaced": "{0} blokken zijn vervangen.",
    "worldedit.snow.created": "{0} oppervlakken zijn bedekt.",
    "worldedit.thaw.removed": "{0} blokken zijn ontdooid.",
    "worldedit.green.changed": "{0} blokken zijn vergroend.",
    "worldedit.extinguish.removed": "{0} branden zijn geblust.",
    "worldedit.butcher.killed": "{0} mobs zijn gedood in een straal van {1}.",
    "worldedit.butcher.explain-all": "Gebruik -1 om alle mobs uit de geladen chunks te verwijderen",
    "worldedit.remove.removed": "{0} entiteiten zijn gemarkeerd voor verwijdering.",
    "worldedit.remove.explain-all": "Gebruik -1 om alle entiteiten te verwijderen in geladen chunks",
    "worldedit.calc.invalid": "'{0}' kon niet ingelezen worden als geldige expressie",
    "worldedit.calc.invalid.with-error": "'{0}' kon niet worden geparseerd als geldige uitdrukking: '{1}'",
    "worldedit.paste.pasted": "De inhoud van het klembord is geplakt op {0}",
    "worldedit.paste.selected": "Plakregio voor klembord ingesteld.",
    "worldedit.rotate.no-interpolation": "Let wel: interpolatie wordt nog niet ondersteund, dus gebruik het liefst alleen hoeken van 90 graden.",
    "worldedit.rotate.rotated": "De kopie op het klembord is gedraaid.",
    "worldedit.flip.flipped": "De kopie op het klembord is omgedaaid.",
    "worldedit.clearclipboard.cleared": "Klembord leeggemaakt.",
    "worldedit.set.done": "Handeling geslaagd.",
    "worldedit.set.done.verbose": "Handeling geslaagd ({0}).",
    "worldedit.line.changed": "{0} blokken zijn veranderd.",
    "worldedit.line.invalid-type": "//line werkt alleen met kubus selecties of convexe veelvlak selecties",
    "worldedit.curve.changed": "{0} blokken zijn veranderd.",
    "worldedit.curve.invalid-type": "//curve werkt alleen met convexe veelvlakselecties",
    "worldedit.replace.replaced": "{0} blokken zijn vervangen.",
    "worldedit.stack.changed": "{0} blokken veranderd. Ongedaan maken met //undo",
    "worldedit.stack.intersecting-region": "De Stack offset mag niet botsen met het gebied bij het gebruik van blok eenheden",
    "worldedit.regen.regenerated": "Regio opnieuw gegenereerd.",
    "worldedit.regen.failed": "Kan chunks niet opnieuw genereren. Zie de console voor meer informatie.",
    "worldedit.walls.changed": "{0} blokken veranderd.",
    "worldedit.faces.changed": "{0} blokken veranderd.",
    "worldedit.overlay.overlaid": "{0} blokken zijn bedekt.",
    "worldedit.naturalize.naturalized": "{0} blok(ken) zien er nu natuurlijker uit.",
    "worldedit.center.changed": "Middelpunt ingesteld ({0} blokken gewijzigd)",
    "worldedit.smooth.changed": "Hoogtekaart van het terrein is verzacht. {0} blokken zijn gewijzigd.",
    "worldedit.snowsmooth.changed": "Hoogtekaart van sneeuw geëgaliseerd. {0} blokken gewijzigd.",
    "worldedit.move.moved": "{0} blokken verplaatst.",
    "worldedit.deform.deformed": "{0} blokken zijn vervormd.",
    "worldedit.hollow.changed": "{0} blokken zijn gewijzigd.",
    "worldedit.forest.created": "{0} bomen geplaatst.",
    "worldedit.flora.created": "{0} bloemen geplaatst.",
    "worldedit.unstuck.moved": "Alsjeblieft!",
    "worldedit.ascend.obstructed": "Geen vrije plek boven je gevonden.",
    "worldedit.ascend.moved": "{0} blokken opgestegen.",
    "worldedit.descend.obstructed": "Geen vrije plek onder je gevonden.",
    "worldedit.descend.moved": "{0} blokken afgedaald.",
    "worldedit.ceil.obstructed": "Geen vrije plek boven je gevonden.",
    "worldedit.ceil.moved": "Woesh!",
    "worldedit.thru.obstructed": "Geen vrije plek vóór je gevonden.",
    "worldedit.thru.moved": "Woesh!",
    "worldedit.jumpto.moved": "Poef!",
    "worldedit.jumpto.none": "Geen blokken in zicht (of te ver weg)!",
    "worldedit.up.obstructed": "Je zou iets boven je raken.",
    "worldedit.up.moved": "Woesh!",
    "worldedit.cone.invalid-radius": "Je moet één of twee waardes opgeven voor de straal.",
    "worldedit.cone.created": "{0} blokken zijn geplaatst.",
    "worldedit.cyl.invalid-radius": "Je moet één of twee waardes opgeven voor de straal.",
    "worldedit.cyl.created": "{0} blokken zijn geplaatst.",
    "worldedit.sphere.invalid-radius": "Je moet één of drie waardes opgeven voor de straal.",
    "worldedit.sphere.created": "{0} blokken zijn geplaatst.",
    "worldedit.forestgen.created": "{0} bomen geplaatst.",
    "worldedit.pumpkins.created": "{0} groepjes pompoenen geplaatst.",
    "worldedit.feature.created": "Functie aangemaakt.",
    "worldedit.feature.failed": "Functie genereren mislukt. Is dit een geldige plek ervoor?",
    "worldedit.pyramid.created": "{0} blokken zijn geplaatst.",
    "worldedit.generate.created": "{0} blokken zijn geplaatst.",
    "worldedit.generatebiome.changed": "{0} biomen aangepast.",
    "worldedit.structure.created": "Structuur aangemaakt.",
    "worldedit.structure.failed": "Structuur genereren mislukt. Is dit een geldige plek ervoor?",
    "worldedit.reload.config": "Configuratie is herladen!",
    "worldedit.report.written": "WorldEdit-rapport geschreven naar {0}",
    "worldedit.report.error": "Kon rapport niet schrijven: {0}",
    "worldedit.report.callback": "WorldEdit-rapport: {0}.report",
    "worldedit.timezone.invalid": "Ongeldige tijdzone",
    "worldedit.timezone.set": "Tijdzone voor deze sessie ingesteld op: {0}",
    "worldedit.timezone.current": "De huidige tijd in die tijdzone is: {0}",
    "worldedit.version.version": "WorldEdit-versie {0}",
    "worldedit.trace.no-tracing-extents": "Trace: geen omvang gebruikt.",
    "worldedit.trace.action-failed": "Traceer: Actie(s) {0} op {1} verwijderd door grootte {2}",
    "worldedit.trace.active.already": "Traceermodus is al actief.",
    "worldedit.trace.inactive.already": "Traceermodus is al inactief.",
    "worldedit.trace.active": "Traceermodus nu actief.",
    "worldedit.trace.inactive": "Traceermodus nu inactief.",
    "worldedit.command.time-elapsed": "{0}s verstreken (geschiedenis: {1} veranderd; {2} blokken/sec).",
    "worldedit.command.permissions": "Je hebt geen toestemming daarvoor. Zit je in de juiste modus?",
    "worldedit.command.player-only": "Dit commando moet uitgevoerd worden met of door een speler.",
    "worldedit.command.error.report": "Rapporteer alsjeblieft deze fout: [Zie de console]",
    "worldedit.pastebin.uploading": "(Een ogenblik geduld... uitvoer wordt verzonden naar pastebin...)",
    "worldedit.session.cant-find-session": "Kan de sessie voor {0} niet vinden",
    "worldedit.platform.no-file-dialog": "Bestanddialogen worden niet ondersteund in uw omgeving.",
    "worldedit.asset.load.loading": "(Een ogenblik geduld... asset laden.)",
    "worldedit.asset.load.still-loading": "(Een ogenblik geduld... wordt asset nog steeds geladen.)",
    "worldedit.asset.load.failed": "Kan asset niet laden",
    "worldedit.tool.max-block-changes": "Maximum aantal blokwijzigingen bereikt.",
    "worldedit.tool.no-block": "Geen blok in zicht!",
    "worldedit.tool.repl.equip": "Blokvervanggereedschap gebonden aan {0}.",
    "worldedit.tool.repl.switched": "Vervanggereedschap gewisseld naar: {0}",
    "worldedit.tool.data-cycler.equip": "Blokkeer data cycler tool gebonden aan {0}.",
    "worldedit.tool.data-cycler.block-not-permitted": "U bent niet toegestaan om de data waarde van dat blok weer te veranderen.",
    "worldedit.tool.data-cycler.cant-cycle": "De gegevens van dat blok kunnen niet worden veranderd!",
    "worldedit.tool.data-cycler.new-value": "Waarde van {0} is nu {1}.",
    "worldedit.tool.data-cycler.cycling": "{0} aan het doorlopen.",
    "worldedit.tool.deltree.equip": "Zwevende boom verwijdertool gekoppeld aan {0}.",
    "worldedit.tool.deltree.not-tree": "Dat is geen boom.",
    "worldedit.tool.deltree.not-floating": "Dat is geen zwevende boom.",
    "worldedit.tool.tree.equip": "Boom gereedschap is gebonden aan {0}.",
    "worldedit.tool.tree.obstructed": "Daar kan geen boom geplaatst worden.",
    "worldedit.tool.info.equip": "Info gereedschap is gebonden aan {0}.",
    "worldedit.tool.info.blockstate.hover": "Blokstatus (klik om te kopiëren)",
    "worldedit.tool.info.internalid.hover": "Interne ID",
    "worldedit.tool.info.legacy.hover": "Legacy id:data",
    "worldedit.tool.info.light.hover": "Blokkeer licht/licht boven",
    "worldedit.tool.none.equip": "Gereedschap is losgekoppeld van je huidige item.",
    "worldedit.tool.none.to.unequip": "Uw huidige item is niet gebonden.",
    "worldedit.tool.selwand.equip": "Selectie toverstok gebonden aan {0}.",
    "worldedit.tool.navwand.equip": "Navigatie toverstok is gebonden aan {0}.",
    "worldedit.tool.floodfill.equip": "Blok overstromingsgereedschap gekoppeld aan {0}.",
    "worldedit.tool.farwand.equip": "Langeafstandstoverstok gebonden aan {0}.",
    "worldedit.tool.lrbuild.equip": "Langeafstandsbouwgereedschap gebonden aan {0}.",
    "worldedit.tool.lrbuild.set": "Linksklikken ingesteld op {0}; rechtsklikken op {1}.",
    "worldedit.tool.stack.equip": "Stapel tool is gebonden aan {0}.",
    "worldedit.tool.unbind-instruction": "Start {0} terwijl je het item ingedrukt houdt om het los te koppelen.",
    "worldedit.tool.superpickaxe.mode.single": "Enkele modus ingesteld. Linksklikken met een pikhouweel. // om uit te zetten.",
    "worldedit.tool.superpickaxe.mode.area": "Gebiedsmodus ingesteld. Linksklikken met een pikhouweel. // om uit te zetten.",
    "worldedit.tool.superpickaxe.mode.recursive": "Recursieve modus ingesteld. Linksklikken met een pikhouweel. // om uit te zetten.",
    "worldedit.tool.superpickaxe.max-range": "Maximaal bereik is {0}.",
    "worldedit.tool.superpickaxe.enabled.already": "Superpikhouweel is al ingeschakeld.",
    "worldedit.tool.superpickaxe.disabled.already": "Superpikhouweel al uitgeschakeld.",
    "worldedit.tool.superpickaxe.enabled": "Superpikhouweel ingeschakeld.",
    "worldedit.tool.superpickaxe.disabled": "Superpikhouweel uitgeschakeld.",
    "worldedit.tool.mask.set": "Kwastmasker ingesteld.",
    "worldedit.tool.mask.disabled": "Kwastmasker uitgezet.",
    "worldedit.tool.material.set": "Kwastmateriaal ingesteld.",
    "worldedit.tool.range.set": "Kwastbereik ingesteld.",
    "worldedit.tool.size.set": "Kwastgrootte ingesteld.",
    "worldedit.tool.tracemask.set": "Volgmasker ingesteld.",
    "worldedit.tool.tracemask.disabled": "Volgmasker uitgezet.",
    "worldedit.tool.error.cannot-bind": "Kan gereedschap niet koppelen aan {0}: {1}",
    "worldedit.tool.error.item-only": "Blokken kunnen niet worden gebruikt.",
    "worldedit.execute.script-permissions": "U heeft geen toestemming om dat script te gebruiken.",
    "worldedit.executelast.no-script": "Gebruik /cs met als eerste een scriptnaam.",
    "worldedit.script.read-error": "Script leesfout: {0}",
    "worldedit.script.unsupported": "Alleen .js scripts zijn momenteel ondersteund",
    "worldedit.script.file-not-found": "Script bestaat niet: {0}",
    "worldedit.script.no-script-engine": "Fout bij het vinden van een geïnstalleerde scriptengine.\nZie https://worldedit.enginehub.org/en/latest/usage/other/craftscripts/",
    "worldedit.script.failed": "Uitvoeren mislukt: {0}",
    "worldedit.script.failed-console": "Uitvoeren mislukt (zie console): {0}",
    "worldedit.operation.affected.biome": "{0} biomen aangepast",
    "worldedit.operation.affected.block": "{0} blokken aangepast",
    "worldedit.operation.affected.column": "{0} kolommen aangepast",
    "worldedit.operation.affected.entity": "{0} entiteiten aangepast",
    "worldedit.operation.deform.expression": "vervormd met {0}",
    "worldedit.error.invalid-number": "Nummer verwacht; reeks gegeven.",
    "worldedit.error.invalid-number.matches": "Nummer verwacht; string \"{0}\" opgegeven.",
    "worldedit.error.incomplete-region": "Maak eerst een regio selectie.",
    "worldedit.error.unknown-block": "Blok naam '{0}' werd niet herkend.",
    "worldedit.error.unknown-item": "Itemnaam '{0}' werd niet herkend.",
    "worldedit.error.unknown-entity": "Entiteit naam '{0}' werd niet herkend.",
    "worldedit.error.unknown-mob": "Mob naam '{0}' werd niet herkend.",
    "worldedit.error.unknown-biome": "Biome naam '{0}' werd niet herkend.",
    "worldedit.error.unknown-tag": "Tag naam '{0}' werd niet herkend.",
    "worldedit.error.empty-tag": "Tag naam '{0}' heeft geen inhoud.",
    "worldedit.error.no-match": "Geen overeenkomsten voor '{0}'.",
    "worldedit.error.disallowed-block": "Blok '{0}' is niet toegestaan (zie WorldEdit configuratie).",
    "worldedit.error.max-changes": "Max blokken veranderd in een bewerking bereikt ({0}).",
    "worldedit.error.max-brush-radius": "Maximale brush straal (in configuratie): {0}",
    "worldedit.error.max-radius": "Maximale straal (in configuratie): {0}",
    "worldedit.error.unknown-direction": "Onbekende richting: {0}",
    "worldedit.error.empty-clipboard": "Je klembord is leeg. Gebruik eerst //copy.",
    "worldedit.error.invalid-filename": "Bestandsnaam '{0}' ongeldig: {1}",
    "worldedit.error.invalid-filename.invalid-characters": "Ongeldige tekens of extensie ontbreekt",
    "worldedit.error.file-resolution": "Bestand '{0}' resolutie fout: {1}",
    "worldedit.error.file-resolution.outside-root": "Pad is niet toegestaan root",
    "worldedit.error.file-resolution.resolve-failed": "Pad zoeken mislukt",
    "worldedit.error.file-aborted": "Bestandsselectie afgebroken.",
    "worldedit.error.no-file-selected": "Geen bestand geselecteerd.",
    "worldedit.error.world-unloaded": "De wereld was al ontladen.",
    "worldedit.error.not-a-block": "Dit item is geen blok.",
    "worldedit.error.not-a-block.item": "Het item '{0}' is geen blok.",
    "worldedit.error.incorrect-usage": "Gebruik: {0}",
    "worldedit.error.invalid-page": "Ongeldig paginanummer",
    "worldedit.error.parser.bad-state-format": "Slecht status formaat in {0}",
    "worldedit.error.parser.duplicate-property": "Dupliceer eigenschap: {0}",
    "worldedit.error.parser.empty-state": "Lege waarde in staat",
    "worldedit.error.parser.missing-equals-separator": "Ontbrekend '=' scheidingsteken",
    "worldedit.error.parser.clipboard.missing-offset": "Offset gespecificeerd met @ maar geen offset gegeven. Gebruik '#copy@[x,y,z]'.",
    "worldedit.error.parser.unknown-property": "Onbekende eigenschap '{0}' voor blok '{1}'",
    "worldedit.error.parser.unknown-value": "Onbekende waarde '{0}' voor eigenschap '{1}'",
    "worldedit.error.parser.empty-property": "Lege eigenschap met status",
    "worldedit.error.parser.empty-value": "Lege waarde in staat",
    "worldedit.error.parser.invalid-colon": "Ongeldige colon.",
    "worldedit.error.parser.invalid-expression": "Ongeldige expressie: {0}",
    "worldedit.error.parser.negate-nothing": "Niets kan niet worden weggelaten!",
    "worldedit.error.parser.hanging-lbracket": "Ongeldig formaat. Alleenstaand haakje op '{0}'.",
    "worldedit.error.parser.missing-rbracket": "Staat mist ']' aan het eind",
    "worldedit.error.parser.hanging-lbrace": "Ongeldig formaat. Losse accolade bij '{0}'.",
    "worldedit.error.parser.missing-rbrace": "NBT mist een afsluitende '}'",
    "worldedit.error.parser.missing-random-type": "Het type ontbreekt na het % symbool voor '{0}'",
    "worldedit.error.parser.clipboard.missing-coordinates": "Klembord offset vereist x,y,z coördinaten.",
    "worldedit.error.parser.player-only": "Invoer '{0}' vereist een speler!",
    "worldedit.error.parser.invalid-nbt": "Ongeldige NBT Data in invoer: '{0}'. Fout: {1}",
    "worldedit.error.disabled": "Deze functionaliteit is uitgeschakeld (zie WorldEdit configuratie).",
    "worldedit.error.unknown": "Een onbekende fout trad op: {0}",
    "worldedit.error.missing-extent": "Geen omvang is bekend",
    "worldedit.error.missing-session": "Er is geen localSessie bekend",
    "worldedit.error.missing-world": "Je moet een wereld opgeven (Probeer //world)",
    "worldedit.error.missing-actor": "Er is geen omvang bekend",
    "worldedit.selection.convex.info.vertices": "Hoekpunten: {0}",
    "worldedit.selection.convex.info.triangles": "Driehoeken: {0}",
    "worldedit.selection.convex.explain.primary": "Nieuwe selectie begonnen met hoekpunt {0}.",
    "worldedit.selection.convex.explain.secondary": "Hoekpunt {0} toegevoegd aan selectie.",
    "worldedit.selection.cuboid.info.pos1": "Positie 1: {0}",
    "worldedit.selection.cuboid.info.pos2": "Positie 2: {0}",
    "worldedit.selection.cuboid.explain.primary": "Eerste positie ingesteld op {0}.",
    "worldedit.selection.cuboid.explain.primary-area": "Eerste positie ingesteld op {0} ({1}).",
    "worldedit.selection.cuboid.explain.secondary": "Tweede positie ingesteld op {0}.",
    "worldedit.selection.cuboid.explain.secondary-area": "Tweede positie ingesteld op {0} ({1}).",
    "worldedit.selection.extend.explain.primary": "Selectie gestart op {0} ({1}).",
    "worldedit.selection.extend.explain.secondary": "Selectie uitgebreid om {0} te bevatten ({1}).",
    "worldedit.selection.ellipsoid.info.center": "Midden: {0}",
    "worldedit.selection.ellipsoid.info.radius": "X/Y/Z Radius: {0}",
    "worldedit.selection.ellipsoid.explain.primary": "Middelpunt positie ingesteld op {0}.",
    "worldedit.selection.ellipsoid.explain.primary-area": "Middelpunt positie ingesteld op {0} ({1}).",
    "worldedit.selection.ellipsoid.explain.secondary": "Straal ingesteld op {0}.",
    "worldedit.selection.ellipsoid.explain.secondary-area": "Straal ingesteld op {0} ({1}).",
    "worldedit.selection.ellipsoid.error.even-horizontal": "Ellipsoïde veranderingen moeten hetzelfde zijn voor elke afmeting.",
    "worldedit.selection.cylinder.info.center": "Midden: {0}",
    "worldedit.selection.cylinder.info.radius": "Straal: {0}",
    "worldedit.selection.cylinder.explain.primary": "Begin een nieuwe cilindervormige selectie op {0}.",
    "worldedit.selection.cylinder.explain.secondary": "Straal ingesteld op {0}/{1} blokken. ({2})",
    "worldedit.selection.cylinder.explain.secondary-missing": "U moet eerst het middelpunt selecteren voordat u de straal instelt.",
    "worldedit.selection.cylinder.error.even-horizontal": "Cylinderveranderingen moeten hetzelfde zijn voor elke horizontale dimensie.",
    "worldedit.selection.polygon2d.info": "# punten: {0}",
    "worldedit.selection.polygon2d.explain.primary": "Starten van een nieuwe polygoon op {0}.",
    "worldedit.selection.polygon2d.explain.secondary": "Punt #{0} toegevoegd op {1}.",
    "worldedit.selection.polygon2d.error.expand-only-vertical": "Polygons kunnen alleen verticaal worden uitgebreid.",
    "worldedit.selection.polygon2d.error.contract-only-vertical": "Polygons kunnen alleen verticaal gecontracteerd worden.",
    "worldedit.selection.sphere.explain.secondary": "Straal ingesteld op {0}.",
    "worldedit.selection.sphere.explain.secondary-defined": "Straal ingesteld op {0} ({1}).",
    "worldedit.selection.null.error.immutable": "Kan NullRegio niet wijzigen.",
    "worldedit.selection.intersection.error.cannot-expand": "Kan regio kruispunt niet uitbreiden.",
    "worldedit.selection.intersection.error.cannot-contract": "Kan kruispunt van regio niet uitbreiden.",
    "worldedit.selection.transform.error.cannot-expand": "Kan geen TransformedRegio uitbreiden.",
    "worldedit.selection.transform.error.cannot-contract": "Kan geen TransformedRegio uitbreiden.",
    "worldedit.selection.transform.error.cannot-change": "Je kan een TransformedRegion niet wijzigen.",
    "worldedit.selection.updated": "Posities bijgewerkt.",
    "worldedit.sideeffect.lighting": "Belichting",
    "worldedit.sideeffect.lighting.description": "Updates block verlichting",
    "worldedit.sideeffect.neighbors": "Buren",
    "worldedit.sideeffect.neighbors.description": "Meldt nabijgelegen blokken van wijzigingen",
    "worldedit.sideeffect.update": "Update",
    "worldedit.sideeffect.update.description": "Meldt het gewijzigde blok",
    "worldedit.sideeffect.validation": "Validatie",
    "worldedit.sideeffect.validation.description": "Valideert en repareert inconsistente wereldstaat, zoals loskoppelde blokken",
    "worldedit.sideeffect.entity_ai": "Entity AI",
    "worldedit.sideeffect.entity_ai.description": "Entiteit AI paden voor blokwijzigingen bijwerken",
    "worldedit.sideeffect.events": "Mod/Plugin gebeurtenissen",
    "worldedit.sideeffect.events.description": "Vertelt andere mods/plugins over deze wijzigingen indien van toepassing",
    "worldedit.sideeffect.state.on": "Aan",
    "worldedit.sideeffect.state.delayed": "Vertraagd",
    "worldedit.sideeffect.state.off": "Uit",
    "worldedit.sideeffect.box.current": "Huidig",
    "worldedit.sideeffect.box.change-to": "Klik om in te stellen op {0}",
    "worldedit.help.command-not-found": "Commando '{0}' niet gevonden.",
    "worldedit.help.no-subcommands": "'{0}' heeft geen subcommando's. (Misschien is '{1}' bedoeld als parameter?)",
    "worldedit.help.subcommand-not-found": "Het subcommando '{0}' onder '{1}' kon niet worden gevonden.",
    "worldedit.cli.stopping": "Aan het stoppen!",
    "worldedit.cli.unknown-command": "Onbekend commando!",
    "worldedit.version.bukkit.unsupported-adapter": "Deze versie van WorldEdit ondersteunt uw versie van Bukkit niet volledig. Blok entiteiten (bijv. kisten) zullen leeg zijn, block eigenschappen (bijv. rotatie) zullen missen, en andere dingen zullen mogelijk niet werken. Update WorldEdit om deze functionaliteit te herstellen: {0}",
    "worldedit.bukkit.no-edit-without-adapter": "Bewerken op niet-ondersteunde versies is uitgeschakeld."
}
