{
    "worldedit.expand.description.vert": "Den ausgewielten bereich get vertikal bis un d'limiten vun der Walt erweidert.",
    "worldedit.expand.expanded": "D'auswahl em {0} bleeck erweideren",
    "worldedit.expand.expanded.vert": "Auswahl em {0} bleeck erweidert (uewen-no-ennen).",
    "worldedit.biomeinfo.lineofsight": "Biomer um Siichtlinn-Punkt: {0}",
    "worldedit.biomeinfo.position": "Biomer op denger Positioun: {0}",
    "worldedit.biomeinfo.selection": "Biomer an denger Auswiel: {0}",
    "worldedit.biomeinfo.not-locatable": "Den Kommando-Sender muss an der Welt sinn, fir de -p-Flag ze benotzen.",
    "worldedit.brush.radius-too-large": "Maximal erlaabte Pinsel-Radius: {0}",
    "worldedit.brush.apply.description": "Pinsel uwenden: eng Funktioun op all Block uwenden",
    "worldedit.brush.apply.radius": "D'Gréisst vum Pinsel",
    "worldedit.brush.apply.shape": "D'Form vun der Regioun",
    "worldedit.brush.apply.type": "Typ vum Pinsel deen benotzt gëtt",
    "worldedit.brush.apply.item.warning": "Dëse Pinsel simuléiert d’Benotzung vu Géigestänn. Seng Effekter kënnen op net all Plattformen funktionéieren, net widderhuelbar sinn, a komesch Zesummespiller mat aneren Mods/Plugins verursaachen. Benotz op äre eegene Risiko.",
    "worldedit.brush.paint.description": "Moolpinsel: eng Funktioun op eng Uewerfläch uwenden",
    "worldedit.brush.paint.size": "D'Gréisst vum Pinsel",
    "worldedit.brush.paint.shape": "D'Form vun der Regioun",
    "worldedit.brush.paint.density": "D'Dicht vum Pinsel",
    "worldedit.brush.paint.type": "Typ vum Pinsel deen benotzt gëtt",
    "worldedit.brush.paint.item.warning": "Dëse Pinsel simuléiert d’Benotzung vu Géigestänn. Seng Effekter kënnen op net all Plattformen funktionéieren, net widderhuelbar sinn, a komesch Zesummespiller mat aneren Mods/Plugins verursaachen. Benotz op äre eegene Risiko.",
    "worldedit.brush.smooth.filter": "filter",
    "worldedit.brush.snowsmooth.nofilter": "igendeen Block",
    "worldedit.brush.snowsmooth.filter": "filter",
    "worldedit.brush.extinguish.equip": "Läscher ugeluecht ({0}).",
    "worldedit.brush.gravity.equip": "Gravitatiouns-Pinsel ugeluecht ({0}).",
    "worldedit.brush.butcher.equip": "Schluechter-Pinsel ugeluecht ({0}).",
    "worldedit.brush.operation.equip": "Pinsel op {0} gesat.",
    "worldedit.brush.heightmap.equip": "Héichtenkaart-Pinsel ugeluecht ({0}).",
    "worldedit.brush.heightmap.unknown": "Onbekannte Héichtenkaart-Pinsel: {0}.",
    "worldedit.brush.morph.equip": "Morph-Pinsel-Form ugeluecht: {0}.",
    "worldedit.brush.biome.column-supported-types": "Dës Pinsel-Form gëtt net ënnerstëtzt fir komplett Kolonnen; probéier d'Zylinder-Form.",
    "worldedit.brush.none.equip": "Pinsel vum aktuelle Géigestand geléist.",
    "worldedit.brush.none.equipped": "Du hues kee Pinsel un dengem aktuelle Géigestand gebonnen. Probéier /brush sphere fir e Basis-Pinsel.",
    "worldedit.setbiome.changed": "Biomen goufen op ongeféier {0} Blöck geännert.",
    "worldedit.setbiome.warning": "Du muss vläicht deng Welt nei lueden oder eraus- an eragoen, fir Ännerungen ze gesinn.",
    "worldedit.setbiome.not-locatable": "Den Kommando-Sender muss an der Welt sinn, fir de -p-Flag ze benotzen.",
    "worldedit.drawsel.disabled": "Server-CUI desaktivéiert.",
    "worldedit.drawsel.enabled": "Server-CUI aktivéiert. Nëmmen Kuboid-Regiounen mat enger maximaler Gréisst vun {0}x{1}x{2} ginn ënnerstëtzt.",
    "worldedit.drawsel.disabled.already": "Server-CUI ass scho desaktivéiert.",
    "worldedit.drawsel.enabled.already": "Server-CUI ass scho aktivéiert.",
    "worldedit.limit.too-high": "Deng maximal erlaabte Limit ass {0}.",
    "worldedit.limit.set": "Limit fir Blockännerunge op {0} gesat.",
    "worldedit.limit.return-to-default": "(Benotz //limit fir op d'Standardwäerter zeréckzegoen.)",
    "worldedit.timeout.too-high": "Deng maximal erlaabte Timeout ass {0} ms.",
    "worldedit.timeout.set": "Timeout op {0} ms gesat.",
    "worldedit.timeout.return-to-default": " (Benotz //timeout fir op d'Standardwäerter zeréckzegoen.)",
    "worldedit.fast.disabled": "Schnell-Modus desaktivéiert.",
    "worldedit.fast.enabled": "Schnell-Modus aktivéiert. Beliichtung an de betraffene Chunks kann falsch sinn an/oder du muss vläicht nei bäitrieden, fir Ännerunge ze gesinn.",
    "worldedit.fast.disabled.already": "Schnell-Modus ass scho desaktivéiert.",
    "worldedit.fast.enabled.already": "Schnell-Modus ass scho aktivéiert.",
    "worldedit.perf.sideeffect.set": "Side effect \"{0}\" gesat zu {1}",
    "worldedit.perf.sideeffect.get": "Side effect \"{0}\" ass gesat zu {1}",
    "worldedit.perf.sideeffect.already-set": "Side effect \"{0}\" ass schon gesat zu {1}",
    "worldedit.perf.sideeffect.set-all": "All slide effekter sinn zu {0} gesat",
    "worldedit.update": "Niewewierkunge fir d'Auswiel appliquéiert.",
    "worldedit.reorder.current": "De Reorder-Modus ass {0}",
    "worldedit.reorder.set": "De Reorder-Modus ass elo {0}",
    "worldedit.gmask.disabled": "Globale Mask desaktivéiert.",
    "worldedit.gmask.set": "Globale Mask gesat.",
    "worldedit.toggleplace.pos1": "Now placing at pos #1."
}
