{
    "worldedit.expand.description.vert": "Seçimi dünya limitine kadar dikey genişletir.",
    "worldedit.expand.expanded": "Bölge {0} blok genişletildi",
    "worldedit.expand.expanded.vert": "Bölge {0} blok genişletildi (yukarıdan-aşağıya).",
    "worldedit.biomeinfo.lineofsight": "Görüş hattındaki biyomlar: {0}",
    "worldedit.biomeinfo.position": "Pozisyonundaki biyomlar: {0}",
    "worldedit.biomeinfo.selection": "Seçimindeki biyomlar: {0}",
    "worldedit.biomeinfo.not-locatable": "-p bayrağını kullanmak için komut gönderici dünyada mevcut olmalıdır.",
    "worldedit.brush.radius-too-large": "İzin verilen maksimum fırça yarıçapı: {0}",
    "worldedit.brush.apply.description": "Uygulama fırçası, her bloğa bir fonksiyon uygulayın",
    "worldedit.brush.apply.radius": "Fırçanın boyutu",
    "worldedit.brush.apply.shape": "Bölgenin şekli",
    "worldedit.brush.apply.type": "Kullanılacak fırçanın türü",
    "worldedit.brush.apply.item.warning": "Bu fırça, öğe kullanımını simüle eder. Etkileri bütün platformlarda çalışmayabilir, geri alınabilir olmayabilir ve diğer modlarla/eklentilerle garip etkileşimlere sebep olabilir. Kendi bilincinizde kullanın.",
    "worldedit.brush.paint.description": "Boyama fırçası, bir yüzeye bir fonksiyon uygulayın",
    "worldedit.brush.paint.size": "Fırçanın boyutu",
    "worldedit.brush.paint.shape": "Bölgenin şekli",
    "worldedit.brush.paint.density": "Fırçanın yoğunluğu",
    "worldedit.brush.paint.type": "Kullanılacak fırçanın türü",
    "worldedit.brush.paint.item.warning": "Bu fırça, öğe kullanımını simüle eder. Etkileri bütün platformlarda çalışmayabilir, geri alınabilir olmayabilir ve diğer modlarla/eklentilerle garip etkileşimlere sebep olabilir. Kendi bilincinizde kullanın.",
    "worldedit.brush.sphere.equip": "Küre fırça şekli etkin ({0}).",
    "worldedit.brush.cylinder.equip": "Silinder fırça şekli etkin ({1} tarafından {0}).",
    "worldedit.brush.splatter.equip": "Sıçratma fırçası donanıldı ({0} yarıçap {1} şans).",
    "worldedit.brush.splatter.decay-out-of-range": "Sıçratma fırçası şansı: {0} ama 0 - 10 arasında olması gerekiyor.",
    "worldedit.brush.clipboard.equip": "Pano fırça şekli etkin.",
    "worldedit.brush.smooth.equip": "Düzgün fırça etkin ({2} kullanarak {0} x {1}x).",
    "worldedit.brush.smooth.nofilter": "herhangi bir blok",
    "worldedit.brush.smooth.filter": "filtre",
    "worldedit.brush.snowsmooth.equip": "DüzgünKar fırçası donanıldı ({0} x {1}x {2} kullanılarak) {3} kar bloğu koyuldu.",
    "worldedit.brush.snowsmooth.nofilter": "herhangi bir blok",
    "worldedit.brush.snowsmooth.filter": "filtre",
    "worldedit.brush.extinguish.equip": "Söndürücü etkin ({0}).",
    "worldedit.brush.gravity.equip": "Yerçekimi fırçası etkin ({0}).",
    "worldedit.brush.butcher.equip": "Kasap fırçası etkin ({0}).",
    "worldedit.brush.operation.equip": "Fırçayı {0} olarak ayarla.",
    "worldedit.brush.heightmap.equip": "Yükseklik haritası fırçası etkin ({0}).",
    "worldedit.brush.heightmap.unknown": "Bilinmeyen yükseklik haritası fırçası: {0}.",
    "worldedit.brush.morph.equip": "Şekillendirme fırçası donanıldı: {0}.",
    "worldedit.brush.biome.column-supported-types": "Bu fırça şekli tüm sütun fırçalamada desteklenmiyor, silindir şeklini deneyebilirsin.",
    "worldedit.brush.none.equip": "Fırçanın şimdiki öğenle bağlantısı koparıldı.",
    "worldedit.brush.none.equipped": "Mevcut öğenize bağlı bir fırçanız yok. Temel bir fırça için /brush sphere komutunu deneyebilirsiniz.",
    "worldedit.setbiome.changed": "Biyomlar yaklaşık {0} blok için değiştirildi.",
    "worldedit.setbiome.warning": "Değişiklikleri görmek için oyununuza yeniden katılmanız (veya dünyanızı kapatıp yeniden açmanız) gerekebilir.",
    "worldedit.setbiome.not-locatable": "-p bayrağını kullanmak için komut gönderici dünyada mevcut olmalıdır.",
    "worldedit.drawsel.disabled": "Sunucu CUI kapatıldı.",
    "worldedit.drawsel.enabled": "Sunucu CUI etkinleştirildi. Bu, yalnızca maksimum boyutu {0}x{1}x{2} olan kübik bölgeleri destekler.",
    "worldedit.drawsel.disabled.already": "Sunucu CUI çoktan kapalı.",
    "worldedit.drawsel.enabled.already": "Sunucu CUI çoktan açık.",
    "worldedit.limit.too-high": "İzin verilebilecek maksimum limitin {0}.",
    "worldedit.limit.set": "Blok değiştirme limiti {0} olarak ayarlandı.",
    "worldedit.limit.return-to-default": "(Varsayılana dönmek için //limit komudunu kullanın.)",
    "worldedit.timeout.too-high": "İzin verilebilecek maksimum zaman aşımı süren {0}ms.",
    "worldedit.timeout.set": "Zaman aşımı {0}ms olarak ayarlandı.",
    "worldedit.timeout.return-to-default": " (Varsayılana dönmek için //timeout komudunu kullanın.)",
    "worldedit.fast.disabled": "Hızlı mod kapatıldı.",
    "worldedit.fast.enabled": "Hızlı mod açıldı. Etkilenen parçalardaki aydınlatma yanlış olabilir ve/veya değişiklikleri görmek için yeniden katılmanız gerekebilir.",
    "worldedit.fast.disabled.already": "Hızlı mod çoktan kapatıldı.",
    "worldedit.fast.enabled.already": "Hızlı mod çoktan açıldı.",
    "worldedit.perf.sideeffect.set": "\"{0}\" yan etkisi {1} olarak ayarlandı",
    "worldedit.perf.sideeffect.get": "\"{0}\" yan etkisi {1} olarak ayarlandı",
    "worldedit.perf.sideeffect.already-set": "\"{0}\" yan etkisi zaten {1} değerinde",
    "worldedit.perf.sideeffect.set-all": "Bütün yan etkiler {0} olarak ayarlandı",
    "worldedit.update": "Seçime yan etkiler uygulandı.",
    "worldedit.reorder.current": "Yeniden sıralama modu {0}",
    "worldedit.reorder.set": "Yeniden sıralama modu artık {0}",
    "worldedit.gmask.disabled": "Global maske kapalı.",
    "worldedit.gmask.set": "Global maske ayarlandı.",
    "worldedit.toggleplace.pos1": "Şimdi pos #1'e koyuluyor.",
    "worldedit.toggleplace.pos1-offset": "Şu anda konum #1'den ({0}, {1}, {2}) uzaklığına yerleştiriyoruz.",
    "worldedit.toggleplace.player": "Şimdi durduğunuz bloğa koyuluyor.",
    "worldedit.toggleplace.player-offset": "Şu anda içinde bulunduğunuz bloktan ({0}, {1}, {2}) uzakta konumlandırın.",
    "worldedit.toggleplace.min": "Şu anda mevcut seçimin minimum noktasına yerleştiriyoruz.",
    "worldedit.toggleplace.min-offset": "Şu anda mevcut seçimin minimumundan ({0}, {1}, {2}) uzaklığa yerleştiriyoruz.",
    "worldedit.toggleplace.max": "Şu anda mevcut seçimin maksimum noktasına yerleştiriliyor.",
    "worldedit.toggleplace.max-offset": "Şu anda geçerli seçimin maksimumundan ({0}, {1}, {2}) uzaklığa yerleştiriyoruz.",
    "worldedit.toggleplace.world": "Şuanda dünya orjinine yerleştiriliyor.",
    "worldedit.toggleplace.world-offset": "Şu anda ({0}, {1}, {2}) konumuna yerleştiriliyor.",
    "worldedit.toggleplace.not-locatable": "Bu bağlamda yerleştirme arasında geçiş yapılamaz.",
    "worldedit.searchitem.too-short": "Daha uzun arama dizisi gir (len > 2).",
    "worldedit.searchitem.either-b-or-i": "Aynı anda hem 'b' hem de 'i' etiketini kullanamazsın.",
    "worldedit.searchitem.searching": "(Lütfen bekle... öğeler aranıyor.)",
    "worldedit.watchdog.no-hook": "Bu platformda bekçi bağlantısı yok.",
    "worldedit.watchdog.active.already": "Bekçi bağlantısı çoktan aktif.",
    "worldedit.watchdog.inactive.already": "Bekçi bağlantısı çoktan kapalı.",
    "worldedit.watchdog.active": "Bekçi bağlantısı şimdi aktif.",
    "worldedit.watchdog.inactive": "Bekçi bağlantısı şimdi kapalı.",
    "worldedit.world.remove": "Dünya override'ı kaldırıldı.",
    "worldedit.world.set": "Dünya override'ı {0} olarak ayarlandı. (Varsayılana dönmek için //world komudunu kullanın)",
    "worldedit.undo.undone": "{0} mevcut hareket geri yapıldı.",
    "worldedit.undo.none": "Geri alınacak bir şey kalmadı.",
    "worldedit.redo.redone": "{0} mevcut hareket yeniden yapıldı.",
    "worldedit.redo.none": "Yeniden yapılacak bir şey kalmadı.",
    "worldedit.clearhistory.cleared": "Geçmiş temizlendi.",
    "worldedit.raytrace.noblock": "Görünürde blok yok!",
    "worldedit.raytrace.require-player": "Işın izleme komutları için bir oyuncu olmak gerekir!",
    "worldedit.restore.not-configured": "Denem sürümü/yedek onarımı yapılandırılmamış.",
    "worldedit.restore.not-available": "Bu deneme sürümü yok veya mevcut değil.",
    "worldedit.restore.failed": "Deneme sürümü yüklenemedi: {0}",
    "worldedit.restore.loaded": "'{0}' deneme sürümü yüklendi; şimdi onarılıyor...",
    "worldedit.restore.restored": "{0} eksik chunk ve {1} diğer hatalar onarıldı.",
    "worldedit.restore.none-for-specific-world": "'{0}' dünyası için deneme sürümü bulunamadı.",
    "worldedit.restore.none-for-world": "Bu dünya için deneme sürümü bulunamadı.",
    "worldedit.restore.none-found": "Deneme sürümü bulunamadı.",
    "worldedit.restore.none-found-console": "Deneme sürümü bulunamadı. Detaylar için konsola bakın.",
    "worldedit.restore.chunk-not-present": "Deneme sürümünde chunklar mevcut değil.",
    "worldedit.restore.chunk-load-failed": "Chunklar yüklenemedi. (Kötü arşiv?)",
    "worldedit.restore.block-place-failed": "Hatalar, herhangi bir bloğun geri yüklenmesini engelledi.",
    "worldedit.restore.block-place-error": "Son hata: {0}",
    "worldedit.snapshot.use.newest": "Şimdi e yeni deneme sürümü kullanılıyor.",
    "worldedit.snapshot.use": "Deneme sürümü ayarlandı: {0}",
    "worldedit.snapshot.none-before": "{0} deneme sürümünden önce bir deneme sürümü bulunamadı.",
    "worldedit.snapshot.none-after": "{0} deneme sürümünden sonra bir deneme sürüm bulunamadı.",
    "worldedit.snapshot.index-above-0": "Geçersiz dizin, 1'den büyük veya eşit olmalı.",
    "worldedit.snapshot.index-oob": "Geçersiz dizin, 1 ile {0} arasında olmalı.",
    "worldedit.schematic.unknown-format": "Bilinmeyen şematik formatı: {0}.",
    "worldedit.schematic.load.does-not-exist": "{0} şematiği yok!",
    "worldedit.schematic.load.loading": "(Lütfen bekle... şematik yükleniyor.)",
    "worldedit.schematic.load.still-loading": "(Lütfen bekle... şematik yüklemesi sürüyor.)",
    "worldedit.schematic.load.unsupported-version": "Bu schematic versiyonu şu anda desteklenmiyor. Schematic Versiyonu: {0}.",
    "worldedit.schematic.save.already-exists": "Bu şematik çoktan var. Üzerine yazmak için -f etiketi kullanın.",
    "worldedit.schematic.save.failed-directory": "Şematikler için klasör oluşturulamıyor!",
    "worldedit.schematic.save.saving": "(Lütfen bekle... şematik kaydediliyor.)",
    "worldedit.schematic.save.still-saving": "(Lütfen bekle... şematik kaydedilmeye devam ediyor.)",
    "worldedit.schematic.share.unsupported-format": "\"{0}\" adlı dosyada schematic paylaşımı \"{1}\" biçimini desteklemiyor.",
    "worldedit.schematic.delete.does-not-exist": "{0} şematiği yok!",
    "worldedit.schematic.delete.failed": "{0} şematiğinin silinmesi başarısız oldu! Salt okunur mu?",
    "worldedit.schematic.delete.deleted": "{0} şematiği silindi.",
    "worldedit.schematic.formats.title": "Mevcut pano formatları (İsim: Arama adları)",
    "worldedit.schematic.unsupported-minecraft-version": "WorldEdit'in bu sürümü Minecraft sürümünüzü desteklemiyor. Bu çözülene kadar şemalar çalışmayacaktır.",
    "worldedit.pos.already-set": "Pozisyon çoktan ayarlandı.",
    "worldedit.pos.console-require-coords": "Bir konsol olarak koordinatları sağlamalısınız.",
    "worldedit.hpos.no-block": "Görünürde blok yok!",
    "worldedit.hpos.already-set": "Pozisyon çoktan ayarlandı.",
    "worldedit.chunk.selected-multiple": "Seçilen chunklar: ({0}, {1}, {2}) - ({3}, {4}, {5})",
    "worldedit.chunk.selected": "Seçilen yığın: {0}, {1}, {2}",
    "worldedit.wand.invalid": "Asa öğesi yanlış yapılandırılmış veya devre dışı.",
    "worldedit.wand.selwand.info": "Sol tıkla: pos #1 seç; Sağ tıkla: pos #2 seç",
    "worldedit.wand.navwand.info": "Sol tıkla: lokasyona zıpla; Sağ tıkla: duvarların içinden geç",
    "worldedit.wand.selwand.now.tool": "Seçim çubuğu artık normal bir araçtır. {0} ile devre dışı bırakabilir ve {1} ile herhangi bir öğeye yeniden bağlayabilir veya {2} ile yeni bir değnek alabilirsiniz.",
    "worldedit.contract.contracted": "Bölge {0} blok genişletildi.",
    "worldedit.shift.shifted": "Bölge değişti.",
    "worldedit.outset.outset": "Bölgenin başlangıcı.",
    "worldedit.inset.inset": "Bölge girişi.",
    "worldedit.trim.trim": "Bölge kırpıldı.",
    "worldedit.trim.no-blocks": "Hiçbir blok kırpma maskesiyle eşleşmedi.",
    "worldedit.size.offset": "Dengeleme: {0}",
    "worldedit.size.type": "Tür: {0}",
    "worldedit.size.size": "Boyut: {0}",
    "worldedit.size.distance": "Kübik mesafesi: {0}",
    "worldedit.size.blocks": "Blok #: {0}",
    "worldedit.count.counted": "Sayıldı: {0}",
    "worldedit.distr.no-blocks": "Blok sayılmadı.",
    "worldedit.distr.no-previous": "Önceki dağıtım yok.",
    "worldedit.distr.total": "Toplam Blok Sayısı: {0}",
    "worldedit.select.cleared": "Seçim temizlendi.",
    "worldedit.select.cuboid.message": "Kübik: 1. nokta için sol tıkla, 2. nokta için sağ tıkla",
    "worldedit.select.cuboid.description": "Bir kübiğin iki köşesini seç",
    "worldedit.select.extend.message": "Kübik: bir başlama noktası için sol tıkla, uzatmak için sağ tıklayın",
    "worldedit.select.extend.description": "Hızlı kübid seçim modu",
    "worldedit.select.poly.message": "2B çokgen seçici: Bir nokta eklemek için sol/sağ tıklayın.",
    "worldedit.select.poly.limit-message": "Maksimum {0} puan.",
    "worldedit.select.poly.description": "Yükseklikli 2B bir çokgen seçin",
    "worldedit.select.ellipsoid.message": "Elipsoit seçici: sol tıkla=merkez, uzatmak için sağ tıkla",
    "worldedit.select.ellipsoid.description": "Bir elipsoit seç",
    "worldedit.select.sphere.message": "Küre seçici: sol tıkla=merkez, yarıçap ayarlamak için sağ tıkla",
    "worldedit.select.sphere.description": "Bir küre seç",
    "worldedit.select.cyl.message": "Silindirik seçici: Sol tıkla=merkez, uzatmak için sağ tıkla",
    "worldedit.select.cyl.description": "Bir silindir seç",
    "worldedit.select.convex.message": "Dış bükey çok yüzlü seçici: Sol tık:İlk köşe, daha fazla eklemek için sağ tıkla.",
    "worldedit.select.convex.limit-message": "Maksimum {0} puan.",
    "worldedit.select.convex.description": "Bir dış bükey öok yüzlü seçin",
    "worldedit.select.default-set": "Artık varsayılan bölge seçicin {0}.",
    "worldedit.chunkinfo.chunk": "Chunk: {0}, {1}",
    "worldedit.chunkinfo.old-filename": "Eski format: {0}",
    "worldedit.chunkinfo.mcregion-filename": "McRegion: bölge/{0}",
    "worldedit.listchunks.listfor": "Oluşturulan yığın dizini: {0}",
    "worldedit.drain.drained": "{0} blok kurutuldu.",
    "worldedit.fill.created": "{0} blok dolduruldu.",
    "worldedit.fillr.created": "{0} blok dolduruldu.",
    "worldedit.fixlava.fixed": "{0} blok düzeltildi.",
    "worldedit.fixwater.fixed": "{0} blok düzeltildi.",
    "worldedit.removeabove.removed": "{0} blok kaldırıldı.",
    "worldedit.removebelow.removed": "{0} blok kaldırıldı.",
    "worldedit.removenear.removed": "{0} blok kaldırıldı.",
    "worldedit.replacenear.replaced": "{0} blok yeniden yerleştirildi.",
    "worldedit.snow.created": "{0} yüzey kaplandı.",
    "worldedit.thaw.removed": "{0} blok çözüldü.",
    "worldedit.green.changed": "{0} blok yeşillendirildi.",
    "worldedit.extinguish.removed": "{0} ateş söndürüldü.",
    "worldedit.butcher.killed": "{1} yarıçapında {0} canlı öldürüldü.",
    "worldedit.butcher.explain-all": "Yüklü chunklardaki tüm mobları kaldırmak için -1 ifadesini kullanın",
    "worldedit.remove.removed": "Kaldırılma için {0} varlık işaretlendi.",
    "worldedit.remove.explain-all": "Yüklü chunklardaki tüm varlıkları kaldırmak için -1 ifadesini kullanın",
    "worldedit.calc.invalid": "'{0}' geçerli bir ifade olarak ayrıştırılamadı",
    "worldedit.calc.invalid.with-error": "'{0}' geçerli bir ifade olarak ayrıştırılamadı: '{1}'",
    "worldedit.paste.pasted": "Pano {0}'a yapıştırıldı",
    "worldedit.paste.selected": "Pano yapıştırılma bölgesi seçildi.",
    "worldedit.rotate.no-interpolation": "Not: İnterpolasyon henüz desteklenmemektedir, bu nedenle 90'ın katları olan açılar önerilir.",
    "worldedit.rotate.rotated": "Pano kopyası döndürüldü.",
    "worldedit.flip.flipped": "Pano kopyası çevrildi.",
    "worldedit.clearclipboard.cleared": "Pano temizlendi.",
    "worldedit.set.done": "Operasyon tamamlandı.",
    "worldedit.set.done.verbose": "Operasyon tamamlandı ({0}).",
    "worldedit.line.changed": "{0} blok değiştirildi.",
    "worldedit.line.invalid-type": "//line sadece kübik veya dışbükey çok yüzlü seçimlerde çalışır",
    "worldedit.curve.changed": "{0} blok değiştirildi.",
    "worldedit.curve.invalid-type": "//curve sadece dışbükey çok yüzlü seçimlerde çalışır",
    "worldedit.replace.replaced": "{0} blok yeniden yerleştirildi.",
    "worldedit.stack.changed": "{0} blok değiştirildi. //undo ile geri al",
    "worldedit.stack.intersecting-region": "Blok birimleri kullanılırken yığın dengesi bölgeyle çakışmamalıdır",
    "worldedit.regen.regenerated": "Bölge yenilendi.",
    "worldedit.regen.failed": "Chunklar yeniden oluşturulamıyor. Detaylar için konsolu kontrol edin.",
    "worldedit.walls.changed": "{0} blok değiştirildi.",
    "worldedit.faces.changed": "{0} blok değiştirildi.",
    "worldedit.overlay.overlaid": "{0} blok kaplandı.",
    "worldedit.naturalize.naturalized": "{0} bloğun daha doğal gözükmesi sağlandı.",
    "worldedit.center.changed": "Merkez ayarlandı. ({0} blok değişti)",
    "worldedit.smooth.changed": "Arazinin yükseklik haritası düzleştirildi. {0} blok değiştirildi.",
    "worldedit.snowsmooth.changed": "Snow'un yükseklik haritası düzeltildi. {0} blok değiştirildi.",
    "worldedit.move.moved": "{0} blok taşındı.",
    "worldedit.deform.deformed": "{0} blok yeniden deforme edildi.",
    "worldedit.hollow.changed": "{0} blok değiştirildi.",
    "worldedit.forest.created": "{0} ağaç oluşturuldu.",
    "worldedit.flora.created": "{0} bitki örtüsü oluşturuldu.",
    "worldedit.unstuck.moved": "İşte böyle!",
    "worldedit.ascend.obstructed": "Yukarıda boş yer bulunamadı.",
    "worldedit.ascend.moved": "{0} seviye yükseltildi.",
    "worldedit.descend.obstructed": "Altında boş yer bulunamadı.",
    "worldedit.descend.moved": "{0} seviye alçaltıldı.",
    "worldedit.ceil.obstructed": "Yukarıda boş yer bulunamadı.",
    "worldedit.ceil.moved": "Woosh!",
    "worldedit.thru.obstructed": "Önünde boş yer bulunamadı.",
    "worldedit.thru.moved": "Woosh!",
    "worldedit.jumpto.moved": "Puf!",
    "worldedit.jumpto.none": "Görünürde blok yok (veya çok uzakta)!",
    "worldedit.up.obstructed": "Üstündeki bir hedefi vurursun.",
    "worldedit.up.moved": "Woosh!",
    "worldedit.cone.invalid-radius": "1 veya 2 yarıçap değeri belirtmelisin.",
    "worldedit.cone.created": "{0} blok oluşturuldu.",
    "worldedit.cyl.invalid-radius": "1 veya 2 yarıçap değeri belirtmelisin.",
    "worldedit.cyl.created": "{0} blok oluşturuldu.",
    "worldedit.sphere.invalid-radius": "1 veya 3 yarıçap değeri belirtmelisin.",
    "worldedit.sphere.created": "{0} blok oluşturuldu.",
    "worldedit.forestgen.created": "{0} ağaç oluşturuldu.",
    "worldedit.pumpkins.created": "{0} balkabağı parçası oluşturuldu.",
    "worldedit.feature.created": "Özellik oluşturuldu.",
    "worldedit.feature.failed": "Özellik jenerasyonunda hata meydana geldi. Burası bunun için uygun yer mi?",
    "worldedit.pyramid.created": "{0} blok oluşturuldu.",
    "worldedit.generate.created": "{0} blok oluşturuldu.",
    "worldedit.generatebiome.changed": "{0} biyom etkilendi.",
    "worldedit.structure.created": "Yapı oluşturuldu.",
    "worldedit.structure.failed": "Yapı oluşturulurken hata meydana geldi. Burası bunun için uygun yer mi?",
    "worldedit.reload.config": "Yapılandırma yeniden yüklendi!",
    "worldedit.report.written": "WorldEdit raporu {0}'a yazıldı",
    "worldedit.report.error": "Rapor yazılamadı: {0}",
    "worldedit.report.callback": "WorldEdit raporu: {0}.report",
    "worldedit.timezone.invalid": "Geçersiz saat dilimi",
    "worldedit.timezone.set": "Bu oturum için ayarlanan saat dilimi: {0}",
    "worldedit.timezone.current": "O saat dilimindeki geçerli saat: {0}",
    "worldedit.version.version": "WorldEdit versiyonu {0}",
    "worldedit.trace.no-tracing-extents": "İşaret: Hiçbir kapsam kullanılmadı.",
    "worldedit.trace.action-failed": "İşaret: {1} adresindeki {0} Eylem(ler) {2} kapsamına göre iptal edildi",
    "worldedit.trace.active.already": "İzleme yöntemi zaten etkin.",
    "worldedit.trace.inactive.already": "İzleme yöntemi zaten etkin değil.",
    "worldedit.trace.active": "İzleme yöntemi şimdi etkin.",
    "worldedit.trace.inactive": "İzleme yöntemi şimdi etkin değil.",
    "worldedit.command.time-elapsed": "{0} tane geçti (geçmiş: {1} değişen; {2} blok/sn).",
    "worldedit.command.permissions": "Bu yapmaya iznin yok. Doğru modda mısın?",
    "worldedit.command.player-only": "Komut bir oyuncu ile kullanılmalı.",
    "worldedit.command.error.report": "Lütfen bu hatayı bildirin: [Konsola bakın]",
    "worldedit.pastebin.uploading": "(Lütfen bekle... çıkış pastebin'e gönderiliyor...)",
    "worldedit.session.cant-find-session": "{0} için oturum bulunamadı",
    "worldedit.platform.no-file-dialog": "Dosya diyalogları çevrende desteklenmiyor.",
    "worldedit.asset.load.loading": "(Lütfen bekle... varlık yükleniyor.)",
    "worldedit.asset.load.still-loading": "(Lütfen bekle... varlık yüklemesi sürüyor.)",
    "worldedit.asset.load.failed": "Varlık yüklenemedi",
    "worldedit.tool.max-block-changes": "Maks blok değiştirme limitine ulaşıldı.",
    "worldedit.tool.no-block": "Görünürde blok yok!",
    "worldedit.tool.repl.equip": "Blok yeniden yerleştirme aleti {0} öğesine bağlandı.",
    "worldedit.tool.repl.switched": "Yeniden yerleştirme aleti şuna değiştirildi: {0}",
    "worldedit.tool.data-cycler.equip": "Block veri dögüleyicisi aleti {0} öğesine bağlandı.",
    "worldedit.tool.data-cycler.block-not-permitted": "Bu bloğun veri değerini döngülemeye iznin yok.",
    "worldedit.tool.data-cycler.cant-cycle": "Bu bloğun verisi döngülenemez!",
    "worldedit.tool.data-cycler.new-value": "{0}'in değeri şimdi {1}.",
    "worldedit.tool.data-cycler.cycling": "Şimdi {0} dögüleniyor.",
    "worldedit.tool.deltree.equip": "Uçan ağaç kaldırıcı aleti {0} öğesine bağlandı.",
    "worldedit.tool.deltree.not-tree": "Bu bir ağaç değil.",
    "worldedit.tool.deltree.not-floating": "Bu uçan bir ağaç değil.",
    "worldedit.tool.tree.equip": "Ağaç aleti {0} öğesine bağlandı.",
    "worldedit.tool.tree.obstructed": "Bir ağaç oraya gidemez.",
    "worldedit.tool.info.equip": "Bilgi aracı, {0}'e bağlı.",
    "worldedit.tool.info.blockstate.hover": "Blok durumu (kopyalamak için tıklayın)",
    "worldedit.tool.info.internalid.hover": "Dahili kimlik",
    "worldedit.tool.info.legacy.hover": "Eski kimlik:veri",
    "worldedit.tool.info.light.hover": "Blok Işığı/Üstteki Işık",
    "worldedit.tool.none.equip": "Araç mevcut öğenizden bağımsız.",
    "worldedit.tool.none.to.unequip": "Mevcut öğeniz bağlı değil.",
    "worldedit.tool.selwand.equip": "Seçim çubuğu {0}'e bağlı.",
    "worldedit.tool.navwand.equip": "Gezinme çubuğu {0}'e bağlı.",
    "worldedit.tool.floodfill.equip": "{0}'e bağlı toplu doldurma aracını engelle.",
    "worldedit.tool.farwand.equip": "Uzak seçim çubuğu aracı {0}'e bağlı.",
    "worldedit.tool.lrbuild.equip": "{0} öğesine bağlı uzun menzilli inşa aracı.",
    "worldedit.tool.lrbuild.set": "Sol tıklama {0} olarak; sağ tıklama {1} olarak ayarlandı.",
    "worldedit.tool.stack.equip": "{0} öğesine bağlı yığın aracı.",
    "worldedit.tool.unbind-instruction": "Çözmek için öğeyi tutarken {0} öğesini çalıştırın.",
    "worldedit.tool.superpickaxe.mode.single": "Oyun artık tek oyuncu kipinde. Devre dışı bırakmak için Bir kazma ile // sol imleci tıkla.",
    "worldedit.tool.superpickaxe.mode.area": "Oyun alan kipinde. Devre dışı bırakmak için Bir kazma ile // sol imleci tıkla.",
    "worldedit.tool.superpickaxe.mode.recursive": "Oyun artık yineleme kipinde. Devre dışı bırakmak için Bir kazma ile // sol imleci tıkla.",
    "worldedit.tool.superpickaxe.max-range": "Maksimum menzil {0}.",
    "worldedit.tool.superpickaxe.enabled.already": "Süper kazma zaten aktif.",
    "worldedit.tool.superpickaxe.disabled.already": "Süper kazma zaten devre dışı.",
    "worldedit.tool.superpickaxe.enabled": "Süper kazma aktif edildi.",
    "worldedit.tool.superpickaxe.disabled": "Süper kazma  devre dışı bırakıldı.",
    "worldedit.tool.mask.set": "Fırça maskesi ayarlandı.",
    "worldedit.tool.mask.disabled": "Fırça maskesi kapalı.",
    "worldedit.tool.material.set": "Fırça malzemesi ayarlandı.",
    "worldedit.tool.range.set": "Fırça gamı ayarlandı.",
    "worldedit.tool.size.set": "Fırça uzunluğu ayarlandı.",
    "worldedit.tool.tracemask.set": "İzleme maskesi ayarlandı.",
    "worldedit.tool.tracemask.disabled": "İzleme maskesi kapalı.",
    "worldedit.tool.error.cannot-bind": "Araç {0}: {1} öğesine bağlanamıyor",
    "worldedit.tool.error.item-only": "Bloklar kullanılamıyor.",
    "worldedit.execute.script-permissions": "Bu komutu kullanmak için yetkin yok.",
    "worldedit.executelast.no-script": "Önce bir komut dosyası adıyla /cs kullan.",
    "worldedit.script.read-error": "Komut okuma hatası: {0}",
    "worldedit.script.unsupported": "Şu anda yalnızca .js komut dosyaları desteklenmektedir",
    "worldedit.script.file-not-found": "Komut mevcut değil: {0}",
    "worldedit.script.no-script-engine": "Yüklü bir komut dosyası motoru bulunamadı.\nLütfen https://worldedit.enginehub.org/en/latest/usage/other/craftscripts/ adresini ziyaret et",
    "worldedit.script.failed": "Çalıştırılamadı: {0}",
    "worldedit.script.failed-console": "Çalıştırılamadı (konsola bak): {0}",
    "worldedit.operation.affected.biome": "{0} biyom etkilendi",
    "worldedit.operation.affected.block": "{0} blok etkilendi",
    "worldedit.operation.affected.column": "{0} sütun etkilendi",
    "worldedit.operation.affected.entity": "{0} tane varlık etkilendi",
    "worldedit.operation.deform.expression": "{0} kullanılarak deforme edildi",
    "worldedit.error.invalid-number": "Beklenen sayı; verilen dizi.",
    "worldedit.error.invalid-number.matches": "Beklenen sayı; \"{0}\" verilen dizi.",
    "worldedit.error.incomplete-region": "Önce bölgeyi seç.",
    "worldedit.error.unknown-block": "Blok adı '{0}' tanınamadı.",
    "worldedit.error.unknown-item": "Eşya ismi olan '{0}' tanımlanamadı.",
    "worldedit.error.unknown-entity": "Varlık adı '{0}' tanınamadı.",
    "worldedit.error.unknown-mob": "Grup adı '{0}' tanınamadı.",
    "worldedit.error.unknown-biome": "Biyom adı '{0}' tanınamadı.",
    "worldedit.error.unknown-tag": "Etiket adı '{0}' tanınamadı.",
    "worldedit.error.empty-tag": "Etiket adı '{0}' içeriği yok.",
    "worldedit.error.no-match": "'{0}' için eşleşme bulunamadı.",
    "worldedit.error.disallowed-block": "'{0}' bloku yasak (WorldEdit ayarlarına bak).",
    "worldedit.error.max-changes": "Bir işlemde değiştirilen maksimum blok sayısı ({0}) sayısına ulaştı.",
    "worldedit.error.max-brush-radius": "Maksimum fırça yarıçapı (yapılandırmada): {0}",
    "worldedit.error.max-radius": "Maksimum yarıçap (yapılandırmada): {0}",
    "worldedit.error.unknown-direction": "Bilinmeyen yön: {0}",
    "worldedit.error.empty-clipboard": "Panon boş. Kopyalamak için //copy komutunu kullan.",
    "worldedit.error.invalid-filename": "Dosya adı '{0}' geçersiz: {1}",
    "worldedit.error.invalid-filename.invalid-characters": "Geçersiz karakterler veya eksik uzantı",
    "worldedit.error.file-resolution": "Dosya '{0}' çözümleme hatası: {1}",
    "worldedit.error.file-resolution.outside-root": "Yol izin verilen kökün dışında",
    "worldedit.error.file-resolution.resolve-failed": "Yol çözümlenemedi",
    "worldedit.error.file-aborted": "Dosya seçimi iptal edildi.",
    "worldedit.error.no-file-selected": "Seçili dosya yok.",
    "worldedit.error.world-unloaded": "Dünya dosyaları zaten boşaltılmış.",
    "worldedit.error.not-a-block": "Bu eşya bir blok değildir.",
    "worldedit.error.not-a-block.item": "'{0}' öğesi bir blok değildir.",
    "worldedit.error.incorrect-usage": "Kullanım: {0}",
    "worldedit.error.invalid-page": "Geçersiz sayfa numarası",
    "worldedit.error.parser.bad-state-format": "{0} içinde bir biçim kötü durumda",
    "worldedit.error.parser.duplicate-property": "Çoğaltma özelliği: {0}",
    "worldedit.error.parser.empty-state": "Durumdaki boş kısım",
    "worldedit.error.parser.missing-equals-separator": "Eksik '=' ayırıcı",
    "worldedit.error.parser.clipboard.missing-offset": "@ ile belirtilen ofset ancak ofset verilmedi. '#copy@[x,y,z]' kullanın.",
    "worldedit.error.parser.unknown-property": "'{1}' bloğu için bilinmeyen özellik '{0}'",
    "worldedit.error.parser.unknown-value": "'{1}' özelliği için bilinmeyen değer '{0}'",
    "worldedit.error.parser.empty-property": "Özellik durumu boş",
    "worldedit.error.parser.empty-value": "Değer durumu boş",
    "worldedit.error.parser.invalid-colon": "Geçersiz kolon.",
    "worldedit.error.parser.invalid-expression": "Geçersiz ifade: {0}",
    "worldedit.error.parser.negate-nothing": "Hiçbir şey inkar edilemez!",
    "worldedit.error.parser.hanging-lbracket": "Geçersiz format. '{0}' noktasındaki parantez.",
    "worldedit.error.parser.missing-rbracket": "Durumun sonundaki ']' eksik",
    "worldedit.error.parser.hanging-lbrace": "Geçersiz biçim. '{0}' konumu parantez içermelidir.",
    "worldedit.error.parser.missing-rbrace": "NBT'de sondaki '}' eksik",
    "worldedit.error.parser.missing-random-type": "'{0}' için % sembolünden sonraki tür eksik",
    "worldedit.error.parser.clipboard.missing-coordinates": "Pano ofseti x,y,z koordinatlarına ihtiyaç duyar.",
    "worldedit.error.parser.player-only": "'{0}' girişi bir oyuncu içermelidir!",
    "worldedit.error.parser.invalid-nbt": "Girişte geçersiz NBT Verisi: '{0}'. Hata: {1}",
    "worldedit.error.disabled": "Bu işlevsellik devre dışıdır (bak WorldEdit yapılandırması).",
    "worldedit.error.unknown": "Bilinmeyen hata meydana geldi: {0}",
    "worldedit.error.missing-extent": "Hiçbir Uzantı bilinmiyor",
    "worldedit.error.missing-session": "Hiçbir YerelOturum bilinmiyor",
    "worldedit.error.missing-world": "Bir dünya sağlamanız gerekiyor (\"//world\" komudunu dene)",
    "worldedit.error.missing-actor": "Hiçbir aktör bulunamadı",
    "worldedit.selection.convex.info.vertices": "Köşeler: {0}",
    "worldedit.selection.convex.info.triangles": "Üçgenler: {0}",
    "worldedit.selection.convex.explain.primary": "{0} köşesiyle yeni seçim başlatıldı.",
    "worldedit.selection.convex.explain.secondary": "Seçime {0} köşe noktası eklendi.",
    "worldedit.selection.cuboid.info.pos1": "Pozisyon 1: {0}",
    "worldedit.selection.cuboid.info.pos2": "Pozisyon 2: {0}",
    "worldedit.selection.cuboid.explain.primary": "Birinci pozisyon {0} olarak ayarlandı.",
    "worldedit.selection.cuboid.explain.primary-area": "Birinci pozisyon {0} olarak ayarlandı ({1}).",
    "worldedit.selection.cuboid.explain.secondary": "İkinci pozisyon {0} olarak ayarlandı.",
    "worldedit.selection.cuboid.explain.secondary-area": "İkinci pozisyon {0} olarak ayarlandı ({1}).",
    "worldedit.selection.extend.explain.primary": "Seçime {0} noktasından başlandı ({1}).",
    "worldedit.selection.extend.explain.secondary": "{0}'ı kapsayacak şekilde genişletilmiş seçim ({1}).",
    "worldedit.selection.ellipsoid.info.center": "Merkez: {0}",
    "worldedit.selection.ellipsoid.info.radius": "X/Y/Z Yarıçapı: {0}",
    "worldedit.selection.ellipsoid.explain.primary": "Merkez nokta {0} pozisyonuna ayarlandı.",
    "worldedit.selection.ellipsoid.explain.primary-area": "Merkez pozisyonu {0} olarak ayarlandı ({1}).",
    "worldedit.selection.ellipsoid.explain.secondary": "Yarıçap {0} olarak ayarlandı.",
    "worldedit.selection.ellipsoid.explain.secondary-area": "Yarıçap {0} olarak ayarlandı ({1}).",
    "worldedit.selection.ellipsoid.error.even-horizontal": "Elipsoid değişimleri her boyut için eşit olmalıdır.",
    "worldedit.selection.cylinder.info.center": "Merkez: {0}",
    "worldedit.selection.cylinder.info.radius": "Yarıçap: {0}",
    "worldedit.selection.cylinder.explain.primary": "{0} noktasında yeni bir silindirik seçim başlatılıyor.",
    "worldedit.selection.cylinder.explain.secondary": "Yarıçap, {0}/{1} bloklara ayarlandı. ({2})",
    "worldedit.selection.cylinder.explain.secondary-missing": "Yarıçapı ayarlamadan önce merkez noktasını seçmelisiniz.",
    "worldedit.selection.cylinder.error.even-horizontal": "Silindir değişiklikleri her yatay boyut için eşit olmalıdır.",
    "worldedit.selection.polygon2d.info": "# puan: {0}",
    "worldedit.selection.polygon2d.explain.primary": "{0} konumunda yeni bir çokgen başlatılıyor.",
    "worldedit.selection.polygon2d.explain.secondary": "{1} noktasına #{0} noktası eklendi.",
    "worldedit.selection.polygon2d.error.expand-only-vertical": "Çokgenler yalnızca dikey olarak genişletilebilir.",
    "worldedit.selection.polygon2d.error.contract-only-vertical": "Çokgenler yalnızca dikey olarak daraltılabilir.",
    "worldedit.selection.sphere.explain.secondary": "Yarıçap {0} olarak ayarlandı.",
    "worldedit.selection.sphere.explain.secondary-defined": "Yarıçap {0} ({1}) olarak ayarlandı.",
    "worldedit.selection.null.error.immutable": "NullRegion değiştirilemiyor.",
    "worldedit.selection.intersection.error.cannot-expand": "Bir bölge kesişimi genişletilemez.",
    "worldedit.selection.intersection.error.cannot-contract": "Bir bölge kavşağı daraltılamaz.",
    "worldedit.selection.transform.error.cannot-expand": "Bir TransformedRegion genişletilemez.",
    "worldedit.selection.transform.error.cannot-contract": "Bir TransformedRegion daraltılamaz.",
    "worldedit.selection.transform.error.cannot-change": "Bir TransformedRegion değiştirilemez.",
    "worldedit.selection.updated": "Pozisyonlar güncellendi.",
    "worldedit.sideeffect.lighting": "Aydınlatma",
    "worldedit.sideeffect.lighting.description": "Blok aydınlatmasını günceller",
    "worldedit.sideeffect.neighbors": "Komşular",
    "worldedit.sideeffect.neighbors.description": "Yakındaki bloklara değişimi bildirir",
    "worldedit.sideeffect.update": "Güncelle",
    "worldedit.sideeffect.update.description": "Değiştirilen bloğu bildirir",
    "worldedit.sideeffect.validation": "Doğrulama",
    "worldedit.sideeffect.validation.description": "Bağlantısı kesilmiş bloklar gibi tutarsız dünya durumunu doğrular ve düzeltir",
    "worldedit.sideeffect.entity_ai": "Varlık Yapay Zeka",
    "worldedit.sideeffect.entity_ai.description": "Blok değişiklikleri için Varlık Yapay Zeka yollarını günceller",
    "worldedit.sideeffect.events": "Mod/Plugin Etkinlikleri",
    "worldedit.sideeffect.events.description": "Mümkün olduğunda diğer mods/plugins öğelerine bu değişiklikler hakkında bilgi verir",
    "worldedit.sideeffect.state.on": "Açık",
    "worldedit.sideeffect.state.delayed": "Ertelendi",
    "worldedit.sideeffect.state.off": "Kapalı",
    "worldedit.sideeffect.box.current": "Güncel",
    "worldedit.sideeffect.box.change-to": "{0} değerine ayarlamak için tıkla",
    "worldedit.help.command-not-found": "Komut '{0}' bulunamıyor.",
    "worldedit.help.no-subcommands": "'{0}' alt komutlara sahip değil. (Acaba '{1}' parametre olarak mı kullanılıyor?)",
    "worldedit.help.subcommand-not-found": "'{1}' altındaki '{0}' alt komutu bulunamadı.",
    "worldedit.cli.stopping": "Durduruluyor!",
    "worldedit.cli.unknown-command": "Bilinmeyen komut!",
    "worldedit.version.bukkit.unsupported-adapter": "WorldEdit versiyonu Bukkit sürümünü tamamen desteklemiyor. Block varlıklar (örn. sandıklar) boş olacak, blok özellikleri (örn. rotasyon) eksik olacak, ve diğer şeyler çalışmayabilir. Bu işlevselliği onarmak için WorldEdit'i güncelleyin:\n{0}",
    "worldedit.bukkit.no-edit-without-adapter": "Desteklenmeyen sürümlerde düzenleme devre dışı bırakıldı."
}
